{"cameraMode":{"drawMode":0,"name":"Shaded","section":"Shading Mode"},"sceneLighting":true,"audioPlay":false,"sceneViewState":{"m_AlwaysRefresh":false,"showFog":true,"showSkybox":true,"showFlares":true,"showImageEffects":true,"showParticleSystems":true,"showVisualEffectGraphs":true,"m_FxEnabled":true},"in2DMode":false,"pivot":{"x":-22.511383056640626,"y":-5.160979747772217,"z":0.34877172112464907},"rotation":{"x":-0.07472167164087296,"y":0.7576677799224854,"z":-0.08814050257205963,"w":-0.6423301100730896},"size":14.089555740356446,"orthographic":false}